{
  "2025\\06": 0,
  "2025\\06\\18": 1750250734.838071,
  "2025\\06\\19": 1750348990.3469732,
  "2025\\06\\20": 1750383268.7596917
}